{"cameraMode":{"drawMode":0,"name":"Shaded","section":"Shading Mode"},"sceneLighting":true,"audioPlay":false,"sceneViewState":{"m_AlwaysRefresh":false,"showFog":false,"showSkybox":false,"showFlares":false,"showImageEffects":false,"showParticleSystems":false,"showVisualEffectGraphs":true,"m_FxEnabled":true},"in2DMode":false,"pivot":{"x":-1.532961368560791,"y":-3.3158488273620607,"z":-1.0172678232192994},"rotation":{"x":-0.34710240364074709,"y":-0.13688591122627259,"z":0.05128942430019379,"w":-0.9263685941696167},"size":0.09369015693664551,"orthographic":false}