{"cameraMode":{"drawMode":0,"name":"Shaded","section":"Shading Mode"},"sceneLighting":true,"audioPlay":false,"sceneViewState":{"m_AlwaysRefresh":false,"showFog":false,"showSkybox":false,"showFlares":false,"showImageEffects":false,"showParticleSystems":false,"showVisualEffectGraphs":true,"m_FxEnabled":true},"in2DMode":false,"pivot":{"x":-0.16559180617332459,"y":-4.879120826721191,"z":3.4601187705993654},"rotation":{"x":0.40128976106643679,"y":-0.2066299021244049,"z":0.09348327666521073,"w":0.8874452710151672},"size":0.06350016593933106,"orthographic":false}