{"cameraMode":{"drawMode":0,"name":"Shaded","section":"Shading Mode"},"sceneLighting":true,"audioPlay":false,"sceneViewState":{"m_AlwaysRefresh":false,"showFog":false,"showSkybox":false,"showFlares":false,"showImageEffects":false,"showParticleSystems":false,"showVisualEffectGraphs":true,"m_FxEnabled":true},"in2DMode":false,"pivot":{"x":0.0753001943230629,"y":0.22237393260002137,"z":-3.8485991954803469},"rotation":{"x":-0.3827311396598816,"y":0.032136451452970508,"z":-0.013323213905096054,"w":-0.9232085943222046},"size":0.3073950409889221,"orthographic":false}