{"cameraMode":{"drawMode":0,"name":"Shaded","section":"Shading Mode"},"sceneLighting":true,"audioPlay":false,"sceneViewState":{"m_AlwaysRefresh":false,"showFog":false,"showSkybox":false,"showFlares":false,"showImageEffects":false,"showParticleSystems":false,"showVisualEffectGraphs":true,"m_FxEnabled":true},"in2DMode":false,"pivot":{"x":0.12509557604789735,"y":0.4396393597126007,"z":-3.62707257270813},"rotation":{"x":-0.3827311396598816,"y":0.032136451452970508,"z":-0.013323213905096054,"w":-0.9232085943222046},"size":0.24120908975601197,"orthographic":false}