{"cameraMode":{"drawMode":0,"name":"Shaded","section":"Shading Mode"},"sceneLighting":true,"audioPlay":false,"sceneViewState":{"m_AlwaysRefresh":false,"showFog":false,"showSkybox":false,"showFlares":false,"showImageEffects":false,"showParticleSystems":false,"showVisualEffectGraphs":true,"m_FxEnabled":true},"in2DMode":false,"pivot":{"x":0.057712115347385409,"y":0.15268561244010926,"z":-3.919754981994629},"rotation":{"x":-0.3827311396598816,"y":0.032136451452970508,"z":-0.013323213905096054,"w":-0.9232085943222046},"size":2.4073948860168459,"orthographic":false}